story_id,English,Bangla
1,"Winter arrived softly, like a whispered promise carried by the wind. One dawn, the town awoke beneath a pale sky, and the air felt sharper, cleaner, as though the world had been washed overnight. Frost clung to windowpanes, tracing delicate patterns that looked like tiny forests made of ice. Each breath turned into a small cloud, drifting away before it could be caught.

The trees stood bare and silent, their branches reaching upward like patient hands. Roads glittered with thin layers of frost, and every step echoed with a gentle crunch. Children rushed outside, bundled in oversized coats, their laughter cutting through the cold. Snow gathered in clumsy mittens, soon shaped into uneven snowballs and smiling snowmen that leaned slightly but proudly.

Inside the houses, winter felt warmer. Fires crackled softly, filling rooms with golden light. The scent of tea and spices lingered in the air, and windows fogged as stories were shared. Time slowed during winter, as if the season itself encouraged people to pause. Evenings stretched longer, inviting quiet moments, thoughtful conversations, and peaceful reflection.

At night, snow began to fall?slow, steady, and silent. Under streetlights, each snowflake shimmered briefly before disappearing, turning ordinary streets into something magical. The world seemed calmer, wrapped in a gentle stillness.

Winter was not only a season of cold, but of rest. Beneath frozen soil, life waited patiently. Though the land slept, hope remained alive, knowing that spring would return. Until then, winter held the world in a quiet embrace, reminding everyone that beauty can exist even in the coldest moments."," ????? ??? ??????? ??? ????????, ??? ?????? ???? ??? ?? ??????? ???????????? ?? ???? ????? ???? ??? ???????? ?????? ????, ?? ??????? ?????? ??? ?????? ? ????????, ??? ????? ?????? ?????? ?????-???? ???? ???? ????? ??????? ???? ??? ???? ????? ????? ???? ???? ????????, ?? ????? ??? ??? ????? ??????? ???? ??????? ????????? ???? ?????? ??????? ??? ???, ?? ????????? ??????? ????????

??????? ????????? ??? ???? ? ????, ????? ??????? ??? ???????? ???? ?????? ???? ???????? ???????????? ????? ??????? ?????? ?????? ?????, ?? ??????? ???????? ???? ??????? ???? ???? ????? ???????? ???? ?????? ??????? ??????? ????? ???? ???, ????? ????? ???? ???? ????? ???? ???????? ????????? ??? ??? ????? ?????? ?????? ???? ????? ??????, ??? ?????? ????????? ??????????

???? ????? ??? ??? ???????? ????? ???? ???? ????? ???????, ?? ??? ????? ?????? ?????? ?? ?? ????? ???? ?????? ???? ??????????, ?????? ??????? ???????? ??? ????? ???????? ???? ???? ??? ???? ???, ??????? ????? ?? ????? ??????? ??????????? ????? ???? ???, ????? ??? ????? ??????? ?? ???? ????????

???? ????? ???? ???? ?????? ??????? ????? ???? ??????? ???????? ?????? ?????? ??? ??????? ????, ?????? ???????????? ??????? ??? ??? ????? ??????? ??????? ???? ?? ???? ???????

??? ???? ??????? ??? ???, ??? ????????? ????? ???? ????? ???? ???? ????? ??? ??????? ???? ??????? ??????? ?????? ???? ??? ???? ???? ??, ???? ????? ???? ?????? ????? ??? ??? ???? ????????? ???????? ??????? ??? ????, ??? ?????? ???????????? ?????? ?????? ???????? ????? ????? ??"
2,"The field was quiet long before the match began. Dew still clung to the grass, and the white lines looked freshly painted, sharp and hopeful. For Alex, this field was more than a place to play?it was where dreams learned how to breathe.

He had started kicking a ball on this same ground years ago, long before crowds, before pressure, before expectations. Back then, the goalposts felt wider, the game simpler. Today, the stadium would be full, and every pass would matter.

As the whistle blew, the noise exploded. Boots struck the ball, jerseys pulled, hearts raced. Football moved quickly, but Alex felt time slow down. He remembered the early mornings, the bruises, the moments when quitting seemed easier than continuing. All of it had led to this match.

The score stayed level deep into the second half. Sweat dripped, legs burned, and doubt crept in. Then came the chance?a loose ball just outside the box. Alex didn?t think. He trusted instinct. One touch. A strike. The ball curved through the air as if guided by every sacrifice he had ever made.

The net rippled.

For a second, the world went silent. Then the stadium erupted. Teammates rushed toward him, joy written across every face. But for Alex, the goal was more than celebration. It was proof.

Football wasn?t just about winning. It was about resilience, teamwork, and believing when no one else could see the result yet. As the final whistle blew, Alex looked around the field and smiled. The dream that once lived in his backyard now belonged to the world?and he had earned every step of the journey. ?","????? ????? ???? ???? ????? ??? ????? ????? ??? ????? ????? ???? ???, ?? ???? ??????? ?????? ???? ??? ??????????? ?? ????? ???? ??????????? ???? ?? ??? ???? ????? ?????? ???; ?????? ??? ?????????? ????? ???? ????????

???? ??? ???, ????? ??????, ??? ?? ?????????? ???? ?? ?? ????? ?? ???? ????? ???? ??????? ??? ???????????? ??? ??? ???, ?????? ??? ???? ?? ?????????? ??? ????, ?? ??????? ????? ??????? ??????

?????? ?????? ???????? ???? ?????????? ??? ??????? ????? ???? ???? ????, ?????? ????, ??????? ???? ???????? ??????? ????? ???? ???? ?????? ?????? ??????????? ???? ???? ??? ???? ?????? ?? ??? ??? ???????? ???????, ?????? ?????, ?? ??? ??????????? ??? ??? ????? ??????? ??? ??? ???????? ????? ?????? ??? ??? ?? ????? ???

?????????????? ??? ????? ????? ???? ???? ??? ?????, ?? ???????, ?? ?????? ???? ???? ?? ?????? ??? ???? ????? ????????? ??? ????? ???? ???? ???? ??? ????????? ??????? ?? ????? ?????????? ??? ???? ???? ?? ???? ?? ??? ???? ?????? ???? ????? ???? ???, ??? ??? ??? ?? ?????? ???? ?? ?????????

??? ????? ????

?? ????????? ???? ???? ?????? ???? ???? ????? ?????????? ???? ???? ???????? ???????? ???? ?? ??? ????, ???? ???? ??????? ???? ?????? ??????????? ???? ?? ??? ??? ???? ?????? ???; ??? ??? ???????

????? ???? ????? ??? ???? ??? ?????, ???? ???? ?? ????????? ?????????? ??? ???, ??? ????? ???? ???? ???? ???? ??? ??? ?????? ?????? ????????? ???????? ????? ???? ??????? ????? ????? ?? ?????? ????? ??? ?????? ??????? ???? ????????, ?? ?? ???? ??????? ???? ???????? ?? ??? ???? ??????? ??? ????? ????? ?????? ?"
3,"Winter arrived softly, like a whispered promise carried by the wind. One dawn, the town awoke beneath a pale sky, and the air felt sharper, cleaner, as though the world had been washed overnight. Frost clung to windowpanes, tracing delicate patterns that looked like tiny forests made of ice. Each breath turned into a small cloud, drifting away before it could be caught.

The trees stood bare and silent, their branches reaching upward like patient hands. Roads glittered with thin layers of frost, and every step echoed with a gentle crunch. Children rushed outside, bundled in oversized coats, their laughter cutting through the cold. Snow gathered in clumsy mittens, soon shaped into uneven snowballs and smiling snowmen that leaned slightly but proudly.

Inside the houses, winter felt warmer. Fires crackled softly, filling rooms with golden light. The scent of tea and spices lingered in the air, and windows fogged as stories were shared. Time slowed during winter, as if the season itself encouraged people to pause. Evenings stretched longer, inviting quiet moments, thoughtful conversations, and peaceful reflection.

At night, snow began to fall?slow, steady, and silent. Under streetlights, each snowflake shimmered briefly before disappearing, turning ordinary streets into something magical. The world seemed calmer, wrapped in a gentle stillness.

Winter was not only a season of cold, but of rest. Beneath frozen soil, life waited patiently. Though the land slept, hope remained alive, knowing that spring would return. Until then, winter held the world in a quiet embrace, reminding everyone that beauty can exist even in the coldest moments."," ????? ??? ??????? ??? ????????, ??? ?????? ???? ??? ?? ??????? ???????????? ?? ???? ????? ???? ??? ???????? ?????? ????, ?? ??????? ?????? ??? ?????? ? ????????, ??? ????? ?????? ?????? ?????-???? ???? ???? ????? ??????? ???? ??? ???? ????? ????? ???? ???? ????????, ?? ????? ??? ??? ????? ??????? ???? ??????? ????????? ???? ?????? ??????? ??? ???, ?? ????????? ??????? ????????

??????? ????????? ??? ???? ? ????, ????? ??????? ??? ???????? ???? ?????? ???? ???????? ???????????? ????? ??????? ?????? ?????? ?????, ?? ??????? ???????? ???? ??????? ???? ???? ????? ???????? ???? ?????? ??????? ??????? ????? ???? ???, ????? ????? ???? ???? ????? ???? ???????? ????????? ??? ??? ????? ?????? ?????? ???? ????? ??????, ??? ?????? ????????? ??????????

???? ????? ??? ??? ???????? ????? ???? ???? ????? ???????, ?? ??? ????? ?????? ?????? ?? ?? ????? ???? ?????? ???? ??????????, ?????? ??????? ???????? ??? ????? ???????? ???? ???? ??? ???? ???, ??????? ????? ?? ????? ??????? ??????????? ????? ???? ???, ????? ??? ????? ??????? ?? ???? ????????

???? ????? ???? ???? ?????? ??????? ????? ???? ??????? ???????? ?????? ?????? ??? ??????? ????, ?????? ???????????? ??????? ??? ??? ????? ??????? ??????? ???? ?? ???? ???????

??? ???? ??????? ??? ???, ??? ????????? ????? ???? ????? ???? ???? ????? ??? ??????? ???? ??????? ??????? ?????? ???? ??? ???? ???? ??, ???? ????? ???? ?????? ????? ??? ??? ???? ????????? ???????? ??????? ??? ????, ??? ?????? ???????????? ?????? ?????? ???????? ????? ????? ??"
4,,
,,
